Treatment,Date,Reel,Session (CamA),Minute,Time stamp,Origin,Arrival,Follower,Sex,X,Y,X_left,Y_left,X_right,Y_right,theta,Entry_raw,Entry,Notes
Bright-Dark,07/05/2021,6,1,15,1,Right,Left,,F,2043,1635,1583,1652,2272,1663,-0.0160,115.1261126,0.334183201,
Bright-Dark,07/05/2021,6,1,15,1,Right,Left,1,,,,,,,,,,,
Bright-Dark,07/05/2021,6,1,15,1,Right,Left,2,,,,,,,,,,,
Bright-Dark,07/05/2021,6,1,15,2,Right,Left,,F,1964,1627,1583,1652,2272,1663,-0.015963811,36.00847366,0.104523871,
Bright-Dark,07/05/2021,6,1,32,1,Right,Left,,M,2059,1642,1583,1652,2272,1663,-0.015963811,131.2358159,0.380945764,
Bright-Dark,07/05/2021,6,1,49,1,Right,Left,,M,1908,1640,1583,1652,2272,1663,-0.015963811,-19.77687015,-0.057407461,
Bright-Dark,07/05/2021,6,1,49,1,Right,Left,1,,,,,,,,,,,
Bright-Dark,07/05/2021,6,1,49,2,Right,Left,,M,1983,1619,1583,1652,2272,1663,-0.015963811,54.87834764,0.159298542,
Bright-Dark,07/05/2021,6,1,49,2,Right,Left,1,,,,,,,,,,,
Bright-Dark,07/05/2021,6,1,49,2,Right,Left,2,,,,,,,,,,,
Bright-Dark,07/05/2021,6,1,54,1,Right,Left,,M,1990,1658,1583,1652,2272,1663,-0.015963811,62.50001788,0.181422403,
Bright-Dark,07/05/2021,6,1,60,1,Right,Right,,M,1931,1655,1583,1652,2272,1663,-0.015963811,3.459646202,0.010042514,
Bright-Dark,10/05/2021,7,4,1,1,Right,Left,,F,2003,1605,1580,1631,2276,1643,-0.017239671,74.43721289,0.213900037,
Bright-Dark,10/05/2021,7,4,1,1,Right,Left,,F,1940,1632,1580,1631,2276,1643,-0.017239671,11.91202272,0.03422995,
Bright-Dark,10/05/2021,7,4,2,1,Right,Left,,M,1922,1635,1580,1631,2276,1643,-0.017239671,-6.033586038,-0.017337891,
Bright-Dark,10/05/2021,7,4,9,1,,,,,,,,,,,,,,
Bright-Dark,11/05/2021,8,1,9,1,Right,Left,,F,1974,1621,1581,1633,2273,1643,-0.014449861,46.74945423,0.13511403,
Bright-Dark,11/05/2021,8,1,9,1,Right,Left,1,,,,,,,,,,,
Bright-Dark,11/05/2021,8,1,9,1,Left,Left,1,,,,,,,,,,,
Bright-Dark,11/05/2021,8,1,10,1,Right,Left,,F,2045,1622,1581,1633,2273,1643,-0.014449861,117.7564914,0.34033668,
Bright-Dark,11/05/2021,8,1,10,1,Right,Left,1,,,,,,,,,,,
Bright-Dark,11/05/2021,8,1,14,1,,,,,,,,,,,,,,
Bright-Dark,11/05/2021,8,1,15,1,Right,Right,,M,2028,1593,1581,1633,2273,1643,-0.014449861,100.3392347,0.289997788,
Bright-Dark,11/05/2021,8,1,19,1,Right,Right,,M,2032,1602,1581,1633,2273,1643,-0.014449861,104.4688614,0.301933125,
Bright-Dark,11/05/2021,8,1,24,1,Right,Right,,,,,,,,,,,,
Bright-Dark,11/05/2021,8,1,29,1,Right,Left,,M,1979,1610,1581,1633,2273,1643,-0.014449861,51.5899893,0.149104015,
Bright-Dark,11/05/2021,8,1,29,2,?,Left,,M,1922,1588,1581,1633,2273,1643,-0.014449861,-5.721945934,-0.016537416,
Bright-Dark,11/05/2021,8,1,30,1,,,,,,,,,,,,,,
Bright-Dark,11/05/2021,8,1,31,1,Right,Right,,M,1997,1612,1581,1633,2273,1643,-0.014449861,69.61700886,0.201205228,
Bright-Dark,11/05/2021,8,1,38,1,Right,Right,,M,2077,1620,1581,1633,2273,1643,-0.014449861,149.7242519,0.432729052,
Bright-Dark,11/05/2021,8,1,41,1,Right,Right,,M,2023,1627,1581,1633,2273,1643,-0.014449861,95.8310349,0.276968309,
Bright-Dark,11/05/2021,8,1,46,1,Right,?,,M,1926,1620,1581,1633,2273,1643,-0.014449861,-1.259984054,-0.003641572,
Bright-Dark,11/05/2021,8,1,47,1,Right,Left,,F,1998,1602,1581,1633,2273,1643,-0.014449861,70.47241088,0.203677488,
Bright-Dark,11/05/2021,8,1,47,1,Left,Left,1,,,,,,,,,,,
Bright-Dark,11/05/2021,8,1,49,1,,,,,,,,,,,,,,
Bright-Dark,11/05/2021,8,1,54,1,?,Left,,M,2051,1622,1581,1633,2273,1643,-0.014449861,123.755865,0.35767591,loop
Bright-Dark,11/05/2021,8,2,7,1,Right,Right,,M,2037,1614,1581,1633,2273,1643,-0.014449861,109.6417317,0.316883618,
Bright-Dark,11/05/2021,8,2,8,1,?,Right,,M,1967,1613,1581,1633,2273,1643,-0.014449861,39.63459014,0.114550839,
Bright-Dark,13/05/2021,10,4,6,1,Right,Left,,M,1999,1617,1582,1650,2276,1665,-0.021610468,69.10849937,0.199159941,
Bright-Dark,13/05/2021,10,4,7,1,Right,Left,,M,1986,1610,1582,1650,2276,1665,-0.021610468,55.96027333,0.161268799,
Bright-Dark,13/05/2021,10,4,7,1,Right,Left,1,,,,,,,,,,,
Bright-Dark,13/05/2021,10,4,7,1,Right,Left,2,,,,,,,,,,,
Bright-Dark,13/05/2021,10,4,7,1,Right,Left,3,,,,,,,,,,,
Bright-Dark,13/05/2021,10,4,10,1,Right,Left,,M,1982,1634,1582,1650,2276,1665,-0.021610468,52.47981818,0.151238669,
Bright-Dark,13/05/2021,10,4,12,1,?,Left,,F,1853,1620,1582,1650,2276,1665,-0.021610468,-76.7925837,-0.221304276,zigzag
Bright-Dark,13/05/2021,10,4,17,1,,,,,,,,,,,,,,
Bright-Dark,13/05/2021,10,5,7,2,Left,Left,,F,1821,1628,1582,1650,2276,1665,-0.021610468,-108.6122415,-0.313003578,
Bright-Dark,13/05/2021,10,5,7,2,?,Left,1,,,,,,,,,,,
Bright-Dark,13/05/2021,10,5,10,1,,,,,,,,,,,,,,
Bright-Dark,13/05/2021,10,5,18,1,Right,Left,,F,1962,1633,1582,1650,2276,1665,-0.021610468,32.46287934,0.093552966,
Bright-Dark,13/05/2021,10,5,18,1,Right,Left,1,,,,,,,,,,,
Bright-Dark,13/05/2021,10,5,20,1,Right,Left,,M,2002,1635,1582,1650,2276,1665,-0.021610468,72.49675703,0.208924372,
Bright-Dark,13/05/2021,10,5,20,1,Right,Left,1,,,,,,,,,,,
Bright-Dark,13/05/2021,10,5,20,1,Right,Left,2,,,,,,,,,,,
Bright-Dark,13/05/2021,10,5,21,1,Left,Left,,M,1861,1628,1582,1650,2276,1665,-0.021610468,-68.62158139,-0.197756719,
Bright-Dark,14/05/2021,11,2,5,1,Left,Right,,M,1839,1611,1580,1644,2277,1656,-0.017214942,-90.15808805,-0.258703266,
Bright-Dark,14/05/2021,11,2,5,2,?,Left,,M,1902,1619,1580,1644,2277,1656,-0.017214942,-27.02971025,-0.077560144,
Bright-Dark,14/05/2021,11,2,5,2,Left,Left,1,,,,,,,,,,,
Bright-Dark,14/05/2021,11,2,8,1,Right,?,,M,2069,1616,1580,1644,2277,1656,-0.017214942,139.8939025,0.401417224,
Bright-Dark,14/05/2021,11,2,8,1,Right,Left,1,,,,,,,,,,,
Bright-Dark,14/05/2021,11,2,8,1,Right,Left,2,,,,,,,,,,,
Bright-Dark,14/05/2021,11,2,10,1,Left,Left,,M,1823,1614,1580,1644,2277,1656,-0.017214942,-106.104075,-0.304459326,
Bright-Dark,14/05/2021,11,2,11,1,Right,Left,,M,2008,1639,1580,1644,2277,1656,-0.017214942,79.2988652,0.227543372,
Bright-Dark,14/05/2021,11,2,11,2,?,Left,,M,1985,1627,1580,1644,2277,1656,-0.017214942,56.09570409,0.160963283,
Bright-Dark,14/05/2021,11,2,13,1,?,Right,,,,,,,,,,,,
Bright-Dark,14/05/2021,11,2,17,1,Left,Right,,M,1800,1610,1580,1644,2277,1656,-0.017214942,-129.1695234,-0.370644256,
Bright-Dark,14/05/2021,11,2,20,1,?,Right,,M,1849,1634,1580,1644,2277,1656,-0.017214942,-79.76364568,-0.228877032,
Bright-Dark,14/05/2021,11,2,20,2,,,,,,,,,,,,,,
Bright-Dark,14/05/2021,11,2,22,1,,,,,,,,,,,,,,
Bright-Dark,14/05/2021,11,2,24,1,Right,?,,M,2061,1617,1580,1644,2277,1656,-0.017214942,131.912302,0.378514496,
Bright-Dark,14/05/2021,11,2,27,1,Left,Left,,M,1887,1642,1580,1644,2277,1656,-0.017214942,-41.63156354,-0.119459293,
Bright-Dark,14/05/2021,11,2,33,1,Right,Left,,M,2010,1662,1580,1644,2277,1656,-0.017214942,81.69449296,0.234417483,
Bright-Dark,14/05/2021,11,2,34,1,?,Left,,M,,,,,,,,,,zigzag
Bright-Dark,14/05/2021,11,2,40,1,Right,?,,M,2042,1619,1580,1644,2277,1656,-0.017214942,112.9495455,0.324101996,
Bright-Dark,14/05/2021,11,2,43,1,Right,Left,,M,1943,1649,1580,1644,2277,1656,-0.017214942,14.48063739,0.041551327,
Bright-Dark,14/05/2021,11,2,45,1,Left,Right,,M,1746,1635,1580,1644,2277,1656,-0.017214942,-182.7311697,-0.524336212,
Bright-Dark,14/05/2021,11,2,46,1,Left,Left,,M,1943,1620,1580,1644,2277,1656,-0.017214942,13.98142873,0.040118877,
Bright-Dark,14/05/2021,11,2,47,1,?,Right,,M,2060,1655,1580,1644,2277,1656,-0.017214942,131.5665856,0.377522484,
Bright-Dark,14/05/2021,11,2,47,1,Left,Left,1,,,,,,,,,,,
Bright-Dark,14/05/2021,11,2,49,1,Right,Left,,F,1993,1622,1580,1644,2277,1656,-0.017214942,64.00844824,0.183668431,
Bright-Dark,17/05/2021,12,4,1,1,Right,Left,,M,1982,1634,1586,1630,2275,1644,-0.020316508,51.42842645,0.149284257,
Bright-Dark,17/05/2021,12,4,2,1,Left,Left,,M,1760,1618,1586,1630,2275,1644,-0.020316508,-170.8508005,-0.495938463,
Bright-Dark,17/05/2021,12,4,3,1,Left,Left,,M,1814,1594,1586,1630,2275,1644,-0.020316508,-117.3495073,-0.340637176,
Bright-Dark,17/05/2021,12,4,4,1,Right,Right,,M,1908,1614,1586,1630,2275,1644,-0.020316508,-22.96260413,-0.066654874,
Bright-Dark,17/05/2021,12,4,4,2,Left,Left,,M,1834,1606,1586,1630,2275,1644,-0.020316508,-97.1098534,-0.281886367,
Bright-Dark,17/05/2021,12,4,5,1,Left,Left,,F,1803,1624,1586,1630,2275,1644,-0.020316508,-127.7377839,-0.370791825,
Bright-Dark,17/05/2021,12,4,5,1,Left,Left,1,,,,,,,,,,,
Bright-Dark,17/05/2021,12,4,15,1,Right,Left,,M,2035,1640,1586,1630,2275,1644,-0.020316508,104.5393793,0.30345248,
Bright-Dark,17/05/2021,12,4,15,1,Right,?,1,,,,,,,,,,,
Bright-Dark,17/05/2021,12,4,16,1,Right,?,,M,2053,1617,1586,1630,2275,1644,-0.020316508,122.0684171,0.354335028,
Bright-Dark,17/05/2021,12,4,17,1,Right,?,,M,2036,1605,1586,1630,2275,1644,-0.020316508,104.8281441,0.304290694,
Bright-Dark,17/05/2021,12,4,17,1,Left,Right,1,,,,,,,,,,,
Bright-Dark,17/05/2021,12,4,17,1,Right,Left,2,,,,,,,,,,,
Bright-Dark,17/05/2021,12,4,17,2,Right,Left,,F,2030,1618,1586,1630,2275,1644,-0.020316508,99.09347878,0.287644351,
Bright-Dark,17/05/2021,12,4,17,2,Right,Left,1,,,,,,,,,,,
Bright-Dark,17/05/2021,12,4,17,3,Left,Left,,M,1953,1622,1586,1630,2275,1644,-0.020316508,22.19062995,0.06441402,
Bright-Dark,17/05/2021,12,4,17,3,Right,?,1,,,,,,,,,,,
Bright-Dark,17/05/2021,12,4,18,1,Right,?,,M,2072,1599,1586,1630,2275,1644,-0.020316508,140.698824,0.408414584,
Bright-Dark,17/05/2021,12,4,18,2,Right,Right,,M,2082,1621,1586,1630,2275,1644,-0.020316508,151.1436927,0.438733506,
Bright-Dark,17/05/2021,12,4,18,3,Right,Right,,M,2056,1612,1586,1630,2275,1644,-0.020316508,124.9662224,0.362746654,
Bright-Dark,17/05/2021,12,4,19,1,Right,?,,M,2034,1627,1586,1630,2275,1644,-0.020316508,103.2754893,0.299783713,
Bright-Dark,17/05/2021,12,4,20,1,Right,?,,M,2033,1599,1586,1630,2275,1644,-0.020316508,101.7068726,0.295230399,
Bright-Dark,17/05/2021,12,4,21,1,Right,?,,M,2043,1630,1586,1630,2275,1644,-0.020316508,,0,
Bright-Dark,17/05/2021,12,4,22,1,Right,Left,,M,2042,1615,1586,1630,2275,1644,-0.020316508,111.030057,0.322293344,
Bright-Dark,17/05/2021,12,4,22,2,Right,?,,M,2068,1599,1586,1630,2275,1644,-0.020316508,136.6996495,0.396805949,
Bright-Dark,17/05/2021,12,4,23,1,Right,Left,,M,2010,1609,1586,1630,2275,1644,-0.020316508,78.91477026,0.229070451,collision
Bright-Dark,17/05/2021,12,4,23,2,Right,?,,M,2047,1625,1586,1630,2275,1644,-0.020316508,116.2321762,0.337393835,
Bright-Dark,17/05/2021,12,4,24,1,Right,Left,,M,1968,1602,1586,1630,2275,1644,-0.020316508,36.78123216,0.106767002,
Bright-Dark,17/05/2021,12,4,24,2,Left,Left,,M,1825,1595,1586,1630,2275,1644,-0.020316508,-106.3314623,-0.308654462,
Bright-Dark,17/05/2021,12,4,24,3,Right,?,,M,2038,1604,1586,1630,2275,1644,-0.020316508,106.8074163,0.310036041,
Bright-Dark,17/05/2021,12,4,25,1,Right,?,,M,1884,1624,1586,1630,2275,1644,-0.020316508,-46.75450008,-0.135716981,
Bright-Dark,17/05/2021,12,4,26,1,Right,Left,,M,2006,1646,1586,1630,2275,1644,-0.020316508,75.66725482,0.2196437,
Bright-Dark,17/05/2021,12,4,27,1,Right,Left,,M,1931,1608,1586,1630,2275,1644,-0.020316508,-0.089241376,-0.000259046,
Bright-Dark,17/05/2021,12,4,28,1,Right,Left,,M,2056,1598,1586,1630,2275,1644,-0.020316508,124.6818109,0.361921077,
Bright-Dark,17/05/2021,12,4,28,1,Right,Left,1,M,,,,,,,,,,
Bright-Dark,17/05/2021,12,4,28,2,Right,Left,,M,2083,1638,1586,1630,2275,1644,-0.020316508,152.4888432,0.442638152,
Bright-Dark,17/05/2021,12,4,28,3,Right,Left,,F,2014,1620,1586,1630,2275,1644,-0.020316508,83.13741097,0.241327753,
Bright-Dark,17/05/2021,12,4,29,1,Right,Left,,M,2035,1613,1586,1630,2275,1644,-0.020316508,103.9908714,0.301860294,
Bright-Dark,17/05/2021,12,4,29,2,Right,Left,,M,2039,1609,1586,1630,2275,1644,-0.020316508,107.9087854,0.313233049,
Bright-Dark,17/05/2021,12,4,30,1,Left,Left,,,,,,,,,,,,
Bright-Dark,17/05/2021,12,4,30,2,Right,Left,,M,1952,1618,1586,1630,2275,1644,-0.020316508,21.10957589,0.061275982,
Bright-Dark,17/05/2021,12,5,2,1,Right,?,,M,2050,1623,1586,1630,2275,1644,-0.020316508,119.1909269,0.345982371,
Bright-Dark,17/05/2021,12,5,4,1,Right,Left,,M,2064,1612,1586,1630,2275,1644,-0.020316508,132.9645714,0.385963923,
Bright-Dark,17/05/2021,12,5,4,2,Left,Left,,F,1846,1603,1586,1630,2275,1644,-0.020316508,-85.17327521,-0.247237374,
Bright-Dark,17/05/2021,12,5,4,2,Left,Left,1,,,,,,,,,,,
Bright-Dark,17/05/2021,12,5,4,3,Right,?,,M,1992,1616,1586,1630,2275,1644,-0.020316508,61.06069074,0.177244385,
Bright-Dark,17/05/2021,12,5,5,1,Left,Right,,M,1816,1599,1586,1630,2275,1644,-0.020316508,-115.2483445,-0.33453801,
Bright-Dark,17/05/2021,12,5,5,2,Left,Right,,M,1843,1617,1586,1630,2275,1644,-0.020316508,-87.88824455,-0.255118272,
Bright-Dark,17/05/2021,12,5,5,3,Right,?,,M,2023,1620,1586,1630,2275,1644,-0.020316508,92.13555361,0.26744718,
Bright-Dark,17/05/2021,12,5,5,4,Right,Left,,M,2006,1628,1586,1630,2275,1644,-0.020316508,75.30158284,0.218582243,bird in tunnel
Bright-Dark,17/05/2021,12,5,7,1,Right,Right,,M,1963,1602,1586,1630,2275,1644,-0.020316508,31.78226402,0.092256209,
Bright-Dark,17/05/2021,12,5,7,1,Right,Left,,M,2077,1595,1586,1630,2275,1644,-0.020316508,145.6165317,0.422689497,3sec later
Bright-Dark,17/05/2021,12,5,7,3,Left,Right,,F,1859,1613,1586,1630,2275,1644,-0.020316508,-71.97280696,-0.208919614,
Bright-Dark,20/05/2021,15,1,15,1,Right,Left,,M,2023,1632,1586,1636,2276,1649,-0.018838351,91.78588486,0.266046043,
Bright-Dark,20/05/2021,15,1,15,1,Left,Left,1,,,,,,,,,,,
Bright-Dark,20/05/2021,15,1,16,1,Right,Left,,M,2000,1644,1586,1636,2276,1649,-0.018838351,69.01601274,0.200046414,
Bright-Dark,20/05/2021,15,1,16,3,Right,Left,,F,2043,1598,1586,1636,2276,1649,-0.018838351,111.1418701,0.322150348,
Bright-Dark,20/05/2021,15,1,16,3,Right,Left,1,,,,,,,,,,,
Bright-Dark,20/05/2021,15,1,16,4,Right,Left,,F,2013,1624,1586,1636,2276,1649,-0.018838351,81.63696133,0.236628873,
Bright-Dark,20/05/2021,15,1,16,4,Right,Left,1,,,,,,,,,,,
Bright-Dark,20/05/2021,15,1,21,1,Right,Left,,M,1988,1634,1586,1636,2276,1649,-0.018838351,56.82976961,0.16472397,
Bright-Dark,20/05/2021,15,1,21,2,Right,Left,,M,2029,1627,1586,1636,2276,1649,-0.018838351,97.69063406,0.283161258,
Bright-Dark,20/05/2021,15,1,21,3,Right,Left,,F,2024,1624,1586,1636,2276,1649,-0.018838351,92.63500953,0.268507274,
Bright-Dark,20/05/2021,15,1,21,3,Right,Left,1,,,,,,,,,,,
Bright-Dark,20/05/2021,15,29,14,1,Right,Left,,M,2061,1603,1586,1636,2276,1649,-0.018838351,129.2328624,0.374588007,
Bright-Dark,20/05/2021,15,29,18,1,Right,Left,,M,2009,1609,1586,1636,2276,1649,-0.018838351,77.35511252,0.224217717,
Bright-Dark,20/05/2021,15,29,19,1,Right,Left,,M,2036,1615,1586,1636,2276,1649,-0.018838351,104.4633452,0.302792305,
Dark-Bright,07/05/2021,6,2,17,1,Right,Right,,M,1952,1640,1584,1657,2275,1667,-0.01447077,22.17929843,0.064194786,
Dark-Bright,07/05/2021,6,3,11,1,Left,Right,,F,1854,1624,1584,1657,2275,1667,-0.01447077,-76.04196523,-0.220092519,
Dark-Bright,07/05/2021,6,3,16,1,Left,Right,,M,1813,1656,1584,1657,2275,1667,-0.01447077,-116.5746241,-0.337408463,
Dark-Bright,07/05/2021,6,3,16,2,Right,Right,,M,1991,1643,1584,1657,2275,1667,-0.01447077,61.21862593,0.177188498,
Dark-Bright,07/05/2021,6,3,17,1,Right,Right,,M,1959,1661,1584,1657,2275,1667,-0.01447077,29.48244109,0.08533268,
Dark-Bright,07/05/2021,6,3,17,2,Right,Right,,M,1999,1635,1584,1657,2275,1667,-0.01447077,69.10202622,0.200005865,
Dark-Bright,07/05/2021,6,3,20,1,Right,Right,,M,2024,1629,1584,1657,2275,1667,-0.01447077,94.01258713,0.272105896,
Dark-Bright,07/05/2021,6,3,22,1,Right,Right,,M,2002,1667,1584,1657,2275,1667,-0.01447077,72.56476059,0.210028251,
Dark-Bright,07/05/2021,6,3,22,2,Right,Right,,M,2024,1669,1584,1657,2275,1667,-0.01447077,94.59139773,0.27378118,
Dark-Bright,07/05/2021,6,3,24,1,Right,Right,,M,2016,1671,1584,1657,2275,1667,-0.01447077,86.62117585,0.250712521,
Dark-Bright,07/05/2021,6,3,25,1,Right,Right,,M,2040,1656,1584,1657,2275,1667,-0.01447077,110.4016091,0.31954156,
Dark-Bright,07/05/2021,6,3,25,2,Right,?,,M,2034,1647,1584,1657,2275,1667,-0.01447077,104.2720049,0.301800304,
Dark-Bright,07/05/2021,6,3,26,1,Right,Right,,M,2010,1641,1584,1657,2275,1667,-0.01447077,80.18769611,0.23209174,
Dark-Bright,07/05/2021,6,3,27,1,Right,Right,,M,2065,1663,1584,1657,2275,1667,-0.01447077,135.5002834,0.392186059,
Dark-Bright,07/05/2021,6,3,29,1,Right,Right,,M,2030,1666,1584,1657,2275,1667,-0.01447077,100.5473587,0.291019852,
Dark-Bright,07/05/2021,6,3,31,1,Right,Right,,M,1924,1643,1584,1657,2275,1667,-0.01447077,-5.774359183,-0.016713051,
Dark-Bright,07/05/2021,6,3,31,2,Right,Left,,M,2029,1664,1584,1657,2275,1667,-0.01447077,99.5185229,0.288042034,
Dark-Bright,07/05/2021,6,3,32,1,Right,Left,,M,2064,1673,1584,1657,2275,1667,-0.01447077,134.6450908,0.389710827,
Dark-Bright,07/05/2021,6,3,33,1,Right,Right,,M,1977,1666,1584,1657,2275,1667,-0.01447077,47.55290782,0.137635044,
Dark-Bright,10/05/2021,7,1,5,1,Left,Right,,M,1841,1625,1584,1633,2277,1644,-0.015871683,-89.70298597,-0.258883076,
Dark-Bright,10/05/2021,7,1,6,1,Right,Right,,M,1836,1594,1584,1633,2277,1644,-0.015871683,-95.19435773,-0.274731191,
Dark-Bright,10/05/2021,7,1,7,1,Right,Right,,M,2017,1625,1584,1633,2277,1644,-0.015871683,86.27484638,0.248989456,
Dark-Bright,10/05/2021,7,1,7,1,Right,Right,1,,,,,,,,,,,
Dark-Bright,10/05/2021,7,1,21,1,Right,Right,,F,2045,1605,1584,1633,2277,1644,-0.015871683,113.9538994,0.328871282,
Dark-Bright,10/05/2021,7,1,34,1,Right,Right,,F,1964,1611,1584,1633,2277,1644,-0.015871683,33.05932763,0.095409315,
Dark-Bright,10/05/2021,7,1,34,1,Right,Right,1,,,,,,,,,,,
Dark-Bright,10/05/2021,7,1,34,1,Left,Right,2,,,,,,,,,,,
Dark-Bright,10/05/2021,7,3,2,1,?,Right,,M,1891,1620,1584,1633,2277,1644,-0.015871683,-39.78863868,-0.114830126,
Dark-Bright,10/05/2021,7,3,2,1,Right,Right,1,,,,,,,,,,,
Dark-Bright,10/05/2021,7,3,2,1,Right,Right,2,,,,,,,,,,,
Dark-Bright,10/05/2021,7,3,2,1,Left,Right,3,,,,,,,,,,,
Dark-Bright,10/05/2021,7,3,6,1,?,Right,,F,1899,1589,1584,1633,2277,1644,-0.015871683,-32.28164782,-0.093164929,
Dark-Bright,10/05/2021,7,3,6,1,?,Right,1,,,,,,,,,,,
Dark-Bright,10/05/2021,7,3,14,1,Right,Right,,M,2014,1633,1584,1633,2277,1644,-0.015871683,83.40219237,0.240698968,
Dark-Bright,10/05/2021,7,3,22,1,,,,,,,,,,,,,,
Dark-Bright,10/05/2021,7,3,27,1,,,,,,,,,,,,,,
Dark-Bright,11/05/2021,8,4,3,1,Left,Right,,F,1911,1626,1584,1629,2275,1643,-0.02025772,-18.69876751,-0.05412089,
Dark-Bright,11/05/2021,8,4,4,1,Right,Right,,M,2010,1625,1584,1629,2275,1643,-0.02025772,80.26066328,0.232302933,
Dark-Bright,11/05/2021,8,4,5,1,Right,Right,,M,2001,1624,1584,1629,2275,1643,-0.02025772,71.24225357,0.206200444,
Dark-Bright,11/05/2021,8,4,7,1,Left,Right,,F,1793,1595,1584,1629,2275,1643,-0.02025772,-137.3025026,-0.397402323,
Dark-Bright,11/05/2021,8,4,7,1,Left,Right,1,,,,,,,,,,,
Dark-Bright,11/05/2021,8,4,27,1,Right,Right,,M,2028,1616,1584,1629,2275,1643,-0.02025772,98.07466301,0.28386299,
Dark-Bright,11/05/2021,8,4,34,1,Right,Right,,M,1966,1621,1584,1629,2275,1643,-0.02025772,36.18866588,0.104742882,
Dark-Bright,11/05/2021,8,4,34,1,Right,Right,1,,,,,,,,,,,
Dark-Bright,11/05/2021,8,4,35,1,Right,Right,,M,1971,1642,1584,1629,2275,1643,-0.02025772,41.61302301,0.120442903,
Dark-Bright,11/05/2021,8,4,37,1,Left,Right,,F,1731,1604,1584,1629,2275,1643,-0.02025772,-199.1074744,-0.576287914,
Dark-Bright,11/05/2021,8,4,37,1,Left,Right,1,,,,,,,,,,,
Dark-Bright,11/05/2021,8,4,44,1,Left,Right,,M,1908,1636,1584,1629,2275,1643,-0.02025772,-21.49558862,-0.062215886,
Dark-Bright,11/05/2021,8,4,44,1,Left,Right,1,,,,,,,,,,,
Dark-Bright,11/05/2021,8,4,44,1,Right,Right,2,,,,,,,,,,,
Dark-Bright,11/05/2021,8,4,51,1,?,Right,,M,1821,1602,1584,1629,2275,1643,-0.02025772,-109.1664533,-0.31596658,
Dark-Bright,11/05/2021,8,4,51,1,?,Right,1,,,,,,,,,,,
Dark-Bright,14/05/2021,11,4,4,1,Left,Right,,M,1862,1624,1582,1644,2272,1656,-0.017389551,-65.44227791,-0.189687762,
Dark-Bright,14/05/2021,11,4,6,1,Left,Right,,M,1759,1611,1582,1644,2272,1656,-0.017389551,-168.6527577,-0.488848573,
Dark-Bright,14/05/2021,11,4,8,1,Left,Right,,M,1834,1617,1582,1644,2272,1656,-0.017389551,-93.55976519,-0.271187725,
Dark-Bright,14/05/2021,11,4,8,2,Left,Right,,M,1783,1612,1582,1644,2272,1656,-0.017389551,-144.6389976,-0.419243471,
Dark-Bright,14/05/2021,11,4,8,2,Left,Right,1,,,,,,,,,,,
Dark-Bright,14/05/2021,11,4,9,1,Left,Right,,M,1849,1629,1582,1644,2272,1656,-0.017389551,-78.35336901,-0.227111215,
Dark-Bright,14/05/2021,11,4,9,1,Left,Right,1,,,,,,,,,,,
Dark-Bright,14/05/2021,11,4,9,1,Left,Right,2,,,,,,,,,,,
Dark-Bright,14/05/2021,11,4,12,1,Left,Right,,M,1806,1650,1582,1644,2272,1656,-0.017389551,-120.9817055,-0.35067161,
Dark-Bright,14/05/2021,11,4,13,1,Left,Left,,M,1866,1629,1582,1644,2272,1656,-0.017389551,-61.35593931,-0.177843302,
Dark-Bright,14/05/2021,11,4,13,2,?,Right,,F,1842,1629,1582,1644,2272,1656,-0.017389551,-85.35231065,-0.247398002,
Dark-Bright,14/05/2021,11,4,13,2,?,Right,1,,,,,,,,,,,
Dark-Bright,14/05/2021,11,4,14,1,Right,Right,,M,2018,1623,1582,1644,2272,1656,-0.017389551,90.51674708,0.262367383,
Dark-Bright,14/05/2021,11,4,14,2,Left,Right,,M,1862,1629,1582,1644,2272,1656,-0.017389551,-65.35533453,-0.189435752,
Dark-Bright,14/05/2021,11,4,14,2,Left,Right,1,,,,,,,,,,,
Dark-Bright,14/05/2021,11,4,14,3,Left,Right,,M,1906,1616,1582,1644,2272,1656,-0.017389551,-21.58803986,-0.062574029,
Dark-Bright,14/05/2021,11,4,15,1,Left,,,,,,,,,,,,,
Dark-Bright,14/05/2021,11,4,15,2,Right,Right,,M,1984,1628,1582,1644,2272,1656,-0.017389551,56.60883107,0.164083568,
Dark-Bright,14/05/2021,11,4,16,1,,,,,,,,,,,,,,
Dark-Bright,14/05/2021,11,4,16,2,Right,Right,,M,1988,1636,1582,1644,2272,1656,-0.017389551,60.74733569,0.176079234,
Dark-Bright,14/05/2021,11,4,17,1,Left,Right,,M,1896,1645,1582,1644,2272,1656,-0.017389551,-31.08225635,-0.090093497,
Dark-Bright,14/05/2021,11,4,17,2,Right,Right,,M,1966,1653,1582,1644,2272,1656,-0.017389551,39.04626944,0.113177593,
Dark-Bright,14/05/2021,11,4,18,1,Right,Right,,M,2026,1627,1582,1644,2272,1656,-0.017389551,98.58509223,0.285753891,
Dark-Bright,14/05/2021,11,4,24,1,,,,,,,,,,,,,,
Dark-Bright,14/05/2021,11,4,26,1,,,,,,,,,,,,,,
Dark-Bright,13/05/2021,10,1,2,1,Right,Right,,M,2006,1602,1583,1639,2277,1653,-0.020170175,75.09711324,0.216418194,
Dark-Bright,13/05/2021,10,1,2,1,Left,Right,1,,,,,,,,,,,
Dark-Bright,13/05/2021,10,1,2,1,Left,Right,2,,,,,,,,,,,
Dark-Bright,13/05/2021,10,1,2,1,?,Right,3,,,,,,,,,,,
Dark-Bright,13/05/2021,10,1,2,2,Left,Right,,M,1930,1643,1583,1639,2277,1653,-0.020170175,-0.060506422,-0.00017437,
Dark-Bright,13/05/2021,10,1,2,2,Left,Right,1,,,,,,,,,,,
Dark-Bright,13/05/2021,10,1,2,2,Right,Right,2,,,,,,,,,,,
Dark-Bright,13/05/2021,10,1,3,1,Right,Right,,M,2054,1617,1583,1639,2277,1653,-0.020170175,123.3898816,0.355590437,
Dark-Bright,13/05/2021,10,1,4,1,Right,Right,,F,1792,1623,1583,1639,2277,1653,-0.020170175,-138.4358118,-0.398950466,
Dark-Bright,13/05/2021,10,1,4,1,Left,Right,1,,,,,,,,,,,
Dark-Bright,13/05/2021,10,1,4,1,Right,Right,2,,,,,,,,,,,
Dark-Bright,13/05/2021,10,1,5,1,Left,Right,,M,1794,1628,1583,1639,2277,1653,-0.020170175,-136.3353746,-0.392897333,
Dark-Bright,13/05/2021,10,1,5,1,Right,Right,1,,,,,,,,,,,
Dark-Bright,13/05/2021,10,1,9,1,,,,,,,,,,,,,,
Dark-Bright,13/05/2021,10,1,9,1,Left,Right,1,,,,,,,,,,,
Dark-Bright,13/05/2021,10,1,9,1,Left,Right,2,,,,,,,,,,,
Dark-Bright,13/05/2021,10,1,10,1,Left,Right,,F,1809,1626,1583,1639,2277,1653,-0.020170175,-121.3787634,-0.349794707,
Dark-Bright,13/05/2021,10,1,10,1,Left,Right,1,,,,,,,,,,,
Dark-Bright,13/05/2021,10,1,20,1,Right,Right,,M,1995,1632,1583,1639,2277,1653,-0.020170175,64.70441498,0.186468055,
Dark-Bright,13/05/2021,10,1,22,1,Right,Right,,M,2051,1600,1583,1639,2277,1653,-0.020170175,120.0476221,0.345958565,
Dark-Bright,13/05/2021,10,1,24,1,Right,Right,,M,2011,1633,1583,1639,2277,1653,-0.020170175,80.72132921,0.232626309,
Dark-Bright,13/05/2021,10,1,24,2,,,,,,,,,,,,,,
Dark-Bright,13/05/2021,10,1,25,1,,,,,,,,,,,,,,
Dark-Bright,13/05/2021,10,1,25,2,Right,Right,,M,2030,1613,1583,1639,2277,1653,-0.020170175,99.31408825,0.286207747,
Dark-Bright,13/05/2021,10,1,26,1,Left,Right,,F,1844,1630,1583,1639,2277,1653,-0.020170175,-86.30520756,-0.248718177,
Dark-Bright,13/05/2021,10,1,28,1,,,,,,,,,,,,,,
Dark-Bright,13/05/2021,10,1,30,1,Right,Right,,M,2014,1620,1583,1639,2277,1653,-0.020170175,83.45852448,0.24051448,
Dark-Bright,13/05/2021,10,1,31,1,Right,Right,,M,2040,1630,1583,1639,2277,1653,-0.020170175,109.6549239,0.316008426,
Dark-Bright,13/05/2021,10,1,31,2,Right,Right,,M,2021,1603,1583,1639,2277,1653,-0.020170175,90.11423088,0.25969519,
Dark-Bright,13/05/2021,10,1,32,1,Right,Right,,M,2053,1611,1583,1639,2277,1653,-0.020170175,122.2690722,0.352360439,
Dark-Bright,13/05/2021,10,1,32,2,?,Right,,M,1889,1629,1583,1639,2277,1653,-0.020170175,-41.33452987,-0.119119683,
Dark-Bright,13/05/2021,10,1,32,3,,,,,,,,,,,,,,
Dark-Bright,13/05/2021,10,1,34,1,Right,Right,,M,2035,1631,1583,1639,2277,1653,-0.020170175,104.6761097,0.301660259,
Dark-Bright,13/05/2021,10,1,36,1,Left,Right,,M,1816,1616,1583,1639,2277,1653,-0.020170175,-114.5818754,-0.330207134,
Dark-Bright,13/05/2021,10,1,37,1,?,Right,,M,1788,1614,1583,1639,2277,1653,-0.020170175,-142.6165175,-0.410998609,
Dark-Bright,13/05/2021,10,1,37,1,Right,Right,1,,,,,,,,,,,
Dark-Bright,13/05/2021,10,1,37,1,Left,Right,2,,,,,,,,,,,
Dark-Bright,13/05/2021,10,1,39,1,?,Right,,M,1786,1640,1583,1639,2277,1653,-0.020170175,-144.0917216,-0.415249918,
Dark-Bright,13/05/2021,10,1,41,1,Left,Right,,F,1866,1643,1583,1639,2277,1653,-0.020170175,-64.04748811,-0.184574894,
Dark-Bright,13/05/2021,10,1,41,1,Left,Right,1,,,,,,,,,,,
Dark-Bright,13/05/2021,10,1,43,1,Left,?,,M,1854,1631,1583,1639,2277,1653,-0.020170175,-76.28707287,-0.219847472,
Dark-Bright,13/05/2021,10,1,44,1,Right,Left,,M,2072,1606,1583,1639,2277,1653,-0.020170175,141.1643633,0.406813727,
Dark-Bright,13/05/2021,10,1,47,1,Right,?,,M,2098,1644,1583,1639,2277,1653,-0.020170175,167.9254893,0.483935128,
Dark-Bright,13/05/2021,10,1,48,1,Left,Right,,M,1765,1639,1583,1639,2277,1653,-0.020170175,-165.1076188,-0.475814463,
Dark-Bright,13/05/2021,10,1,55,1,Right,Right,,M,1973,1655,1583,1639,2277,1653,-0.020170175,43.17277259,0.124417212,
Dark-Bright,13/05/2021,10,1,55,1,Right,Right,1,,,,,,,,,,,
Dark-Bright,13/05/2021,10,3,3,1,Right,Right,,M,1936,1623,1583,1639,2277,1653,-0.020170175,5.534896966,0.015950712,
Dark-Bright,13/05/2021,10,3,3,2,Left,Right,,M,2005,1602,1583,1639,2277,1653,-0.020170175,74.09731665,0.213536936,
Dark-Bright,13/05/2021,10,3,9,1,Right,Right,,M,2039,1624,1583,1639,2277,1653,-0.020170175,108.5341144,0.312778428,
Dark-Bright,13/05/2021,10,3,11,1,Right,Right,,M,1938,1630,1583,1639,2277,1653,-0.020170175,7.675671795,0.022120092,
Dark-Bright,17/05/2021,12,2,4,1,Left,Right,,M,1844,1614,1584,1627,2276,1638,-0.015894615,-86.28317476,-0.249373337,
Dark-Bright,17/05/2021,12,2,4,1,Left,Right,1,,,,,,,,,,,
Dark-Bright,17/05/2021,12,2,15,1,,,,,,,,,,,,,,
Dark-Bright,17/05/2021,12,2,16,1,Left,Right,,M,1869,1599,1584,1627,2276,1638,-0.015894615,-61.52474186,-0.177817173,
Dark-Bright,17/05/2021,12,2,18,1,Left,Right,,M,1862,1609,1584,1627,2276,1638,-0.015894615,-68.36491819,-0.197586469,
Dark-Bright,17/05/2021,12,2,18,1,Right,Right,1,,,,,,,,,,,
Dark-Bright,17/05/2021,12,2,19,1,Left,Right,,M,1854,1601,1584,1627,2276,1638,-0.015894615,-76.49105922,-0.221072425,
Dark-Bright,17/05/2021,12,2,19,1,Left,Right,1,,,,,,,,,,,
Dark-Bright,17/05/2021,12,2,19,2,Left,Right,,M,1852,1598,1584,1627,2276,1638,-0.015894615,-78.53848843,-0.226989851,
Dark-Bright,17/05/2021,12,2,19,3,Left,Right,,M,1835,1627,1584,1627,2276,1638,-0.015894615,-95.07541661,-0.274784441,
Dark-Bright,17/05/2021,12,2,19,3,Left,Right,1,,,,,,,,,,,
Dark-Bright,17/05/2021,12,2,19,3,Left,Right,2,,,,,,,,,,,
Dark-Bright,17/05/2021,12,2,25,1,Right,Right,,M,2063,1609,1584,1627,2276,1638,-0.015894615,132.6096921,0.383265006,
Dark-Bright,17/05/2021,12,2,30,1,Right,Right,,M,2029,1607,1584,1627,2276,1638,-0.015894615,98.58219902,0.28491965,
Dark-Bright,17/05/2021,12,3,5,1,Right,Right,,M,1986,1601,1584,1627,2276,1638,-0.015894615,55.49226697,0.160382274,
Dark-Bright,17/05/2021,12,3,6,1,Right,Right,,F,2017,1588,1584,1627,2276,1638,-0.015894615,86.28172985,0.249369161,
Dark-Bright,17/05/2021,12,3,6,1,Right,Right,1,,,,,,,,,,,
Dark-Bright,17/05/2021,12,3,6,1,Right,Right,2,,,,,,,,,,,
Dark-Bright,17/05/2021,12,3,6,1,Left,Right,3,,,,,,,,,,,
Dark-Bright,17/05/2021,12,3,6,2,Right,Right,,M,1946,1605,1584,1627,2276,1638,-0.015894615,15.56089542,0.044973686,
Dark-Bright,17/05/2021,12,3,6,2,Right,Right,1,,,,,,,,,,,
Dark-Bright,17/05/2021,12,3,8,1,Left,Right,,M,1856,1611,1584,1627,2276,1638,-0.015894615,-74.3323724,-0.214833446,
Dark-Bright,17/05/2021,12,3,8,1,Left,Right,1,,,,,,,,,,,
Dark-Bright,17/05/2021,12,3,14,1,Right,Right,,M,2024,1629,1584,1627,2276,1638,-0.015894615,93.93249742,0.271481206,
Dark-Bright,17/05/2021,12,3,16,1,Left,Right,,M,1821,1593,1584,1627,2276,1638,-0.015894615,-109.6140423,-0.316803591,
Dark-Bright,17/05/2021,12,3,16,1,Left,Right,1,,,,,,,,,,,
Dark-Bright,17/05/2021,12,3,27,1,Left,Right,,M,1815,1614,1584,1627,2276,1638,-0.015894615,-115.2795116,-0.333177779,
Dark-Bright,17/05/2021,12,3,27,1,Left,Right,1,,,,,,,,,,,
Dark-Bright,20/05/2021,15,30,14,1,,,,,,,,,,,,,,
Dark-Bright,20/05/2021,15,30,19,1,Right,Right,,M,2031,1636,1582,1636,2277,1647,-0.015826017,101.4002498,0.29179928,
Dark-Bright,20/05/2021,15,30,19,1,Left,Right,1,,,,,,,,,,,
Dark-Bright,20/05/2021,15,30,19,1,Right,Right,2,,,,,,,,,,,
Dark-Bright,20/05/2021,15,30,19,1,Right,Right,3,,,,,,,,,,,
Dark-Bright,20/05/2021,15,30,19,1,?,Right,4,,,,,,,,,,,
Dark-Bright,20/05/2021,15,30,20,1,Left,Right,,M,1825,1619,1582,1636,2277,1647,-0.015826017,-104.8429841,-0.301706429,
Dark-Bright,20/05/2021,15,30,20,1,Right,Right,1,,,,,,,,,,,
Dark-Bright,20/05/2021,15,30,20,1,Left,Right,2,,,,,,,,,,,
Dark-Bright,20/05/2021,15,30,24,1,,,,,,,,,,,,,,
Dark-Bright,20/05/2021,15,30,25,1,Left,Right,,M,1833,1613,1582,1636,2277,1647,-0.015826017,-96.93893807,-0.278960973,
Dark-Bright,20/05/2021,15,30,27,1,,,,,,,,,,,,,,
Dark-Bright,20/05/2021,15,31,1,1,Left,Right,,M,1836,1631,1582,1636,2277,1647,-0.015826017,-93.65445735,-0.26950923,
Dark-Bright,20/05/2021,15,31,4,1,Left,Right,,M,1845,1623,1582,1636,2277,1647,-0.015826017,-84.78218726,-0.243977517,
Dark-Bright,20/05/2021,15,31,14,1,Right,Right,,M,2066,1619,1582,1636,2277,1647,-0.015826017,136.1268358,0.391731901,
Dark-Bright,20/05/2021,15,31,15,1,Left,Right,,F,1959,1620,1582,1636,2277,1647,-0.015826017,29.15606059,0.083902333,
Dark-Bright,20/05/2021,15,31,15,2,Left,Right,,M,1928,1626,1582,1636,2277,1647,-0.015826017,-1.745105176,-0.005021885,
Dark-Bright,20/05/2021,15,31,15,2,Left,Right,1,,,,,,,,,,,
Dark-Bright,20/05/2021,15,31,15,3,Right,Right,,M,1979,1613,1582,1636,2277,1647,-0.015826017,49.04277853,0.141130298,
Dark-Bright,20/05/2021,15,31,19,1,Right,Right,,M,2022,1616,1582,1636,2277,1647,-0.015826017,92.08486976,0.264992431,
Dark-Bright,20/05/2021,15,31,19,1,Right,Right,1,,,,,,,,,,,
Dark-Bright,20/05/2021,15,31,23,1,Left,Right,,F,1780,1630,1582,1636,2277,1647,-0.015826017,-149.6632699,-0.430685669,
Bright-Bright,12/05/2021,9,1,4,1,Right,Right,,F,1945,1622,1581,1636,2275,1645,-0.012967573,16.7586773,0.0482959,
Bright-Bright,12/05/2021,9,1,4,1,Right,Right,1,M,,,,,,,,,,
Bright-Bright,12/05/2021,9,1,5,1,Right,Right,,M,1965,1626,1581,1636,2275,1645,-0.012967573,36.80886459,0.10607742,
Bright-Bright,12/05/2021,9,1,25,1,Right,Right,,M,1928,1630,1581,1636,2275,1645,-0.012967573,-0.136155698,-0.00039238,
Bright-Bright,12/05/2021,9,1,25,1,Right,Right,1,M,,,,,,,,,,
Bright-Bright,12/05/2021,9,1,25,1,Right,Right,2,M,,,,,,,,,,
Bright-Bright,12/05/2021,9,1,32,1,Right,Right,,F,1929,1624,1581,1636,2275,1645,-0.012967573,0.785956968,0.002265006,bird in tunnel
Bright-Bright,12/05/2021,9,1,33,1,Left,Right,,F,1836,1618,1581,1636,2275,1645,-0.012967573,-92.28402705,-0.265948205,
Bright-Bright,12/05/2021,9,1,33,1,Left,Left,1,M,,,,,,,,,,
Bright-Bright,12/05/2021,9,1,33,2,Left,Left,,M,1895,1641,1581,1636,2275,1645,-0.012967573,-32.99074183,-0.095074184,bird in tunnel
Bright-Bright,12/05/2021,9,1,38,1,Right,Right,,M,2039,1602,1581,1636,2275,1645,-0.012967573,110.4914298,0.318419106,
Bright-Bright,12/05/2021,9,1,46,1,Right,Right,,M,2028,1608,1581,1636,2275,1645,-0.012967573,99.57015792,0.2869457,
Bright-Bright,12/05/2021,9,1,46,2,Right,Right,,M,2056,1620,1581,1636,2275,1645,-0.012967573,127.7234103,0.368078992,
Bright-Bright,12/05/2021,9,1,51,1,Left,Right,,M,1836,1625,1581,1636,2275,1645,-0.012967573,-92.19325659,-0.265686618,
Bright-Bright,12/05/2021,9,1,52,1,Right,Left,,M,2063,1612,1581,1636,2275,1645,-0.012967573,134.619084,0.387951251,
Bright-Bright,12/05/2021,9,1,54,1,Left,Right,,M,1899,1594,1581,1636,2275,1645,-0.012967573,-29.60053698,-0.085304141,
Bright-Bright,12/05/2021,9,1,58,1,Right,Right,,F,2061,1633,1581,1636,2275,1645,-0.012967573,132.8915636,0.382972806,
Bright-Bright,12/05/2021,9,1,58,1,Left,Right,1,M,,,,,,,,,,
Bright-Bright,12/05/2021,9,1,58,2,Right,Left,,M,2023,1592,1581,1636,2275,1645,-0.012967573,94.36310296,0.271939778,
Bright-Bright,12/05/2021,9,2,1,1,Right,Right,,M,2059,1636,1581,1636,2275,1645,-0.012967573,130.9306334,0.37732171,
Bright-Bright,12/05/2021,9,4,2,1,Left,Right,,M,1819,1608,1581,1636,2275,1645,-0.012967573,-109.4122698,-0.315309135,
Bright-Bright,12/05/2021,9,4,8,1,Right,Left,,M,1981,1618,1581,1636,2275,1645,-0.012967573,52.70378167,0.151884097,
Bright-Bright,12/05/2021,9,4,12,1,Left,Left,,M,1808,1597,1581,1636,2275,1645,-0.012967573,-120.5539843,-0.347417822,
Bright-Bright,12/05/2021,9,4,12,1,Left,Left,1,M,,,,,,,,,,
Bright-Bright,12/05/2021,9,4,16,1,Right,Left,,F,2007,1610,1581,1636,2275,1645,-0.012967573,78.59785797,0.226506795,
Bright-Bright,12/05/2021,9,5,2,1,Right,Right,,M,2033,1634,1581,1636,2275,1645,-0.012967573,104.906885,0.302325317,
Bright-Bright,12/05/2021,9,5,5,1,Right,Left,,M,2016,1596,1581,1636,2275,1645,-0.012967573,87.41556034,0.251918041,
Bright-Bright,12/05/2021,9,5,7,1,Right,Left,,M,2008,1605,1581,1636,2275,1645,-0.012967573,79.53293784,0.22920155,
Bright-Bright,12/05/2021,9,5,7,2,Left,Right,,M,1785,1588,1581,1636,2275,1645,-0.012967573,-143.6687554,-0.414030995,
Bright-Bright,12/05/2021,9,5,8,1,Left,Left,,M,1856,1629,1581,1636,2275,1645,-0.012967573,-72.14306931,-0.207905099,
Bright-Bright,12/05/2021,9,5,9,1,Right,Left,,M,2055,1609,1581,1636,2275,1645,-0.012967573,126.580855,0.364786326,
Bright-Bright,12/05/2021,9,5,9,2,Left,Right,,M,1909,1624,1581,1636,2275,1645,-0.012967573,-19.21236148,-0.055367036,
Bright-Bright,12/05/2021,9,5,10,1,Right,Right,,M,2067,1616,1581,1636,2275,1645,-0.012967573,138.6706166,0.399627137,
Bright-Bright,12/05/2021,9,5,11,1,Left,Left,,M,1920,1598,1581,1636,2275,1645,-0.012967573,-8.550433776,-0.02464102,
Bright-Bright,12/05/2021,9,5,11,2,Right,Right,,M,1987,1628,1581,1636,2275,1645,-0.012967573,58.83294929,0.169547404,
Bright-Bright,12/05/2021,9,5,13,1,Left,Right,,M,1837,1629,1581,1636,2275,1645,-0.012967573,-91.14147183,-0.262655538,
Bright-Bright,12/05/2021,9,5,14,1,Left,?,,M,1867,1618,1581,1636,2275,1645,-0.012967573,-61.28663347,-0.17661854,
Bright-Bright,12/05/2021,9,5,15,1,Right,Left,,M,2013,1628,1581,1636,2275,1645,-0.012967573,84.83076327,0.244469058,bird in tunnel
Bright-Bright,12/05/2021,9,5,16,1,Right,?,,M,2027,1614,1581,1636,2275,1645,-0.012967573,98.64804525,0.284288315,
Bright-Bright,12/05/2021,9,5,17,1,Right,Right,,M,2048,1614,1581,1636,2275,1645,-0.012967573,119.6462796,0.344801959,
Bright-Bright,12/05/2021,9,5,17,2,Right,?,,M,2063,1622,1581,1636,2275,1645,-0.012967573,134.7487561,0.388324946,
Bright-Bright,12/05/2021,9,5,17,3,?,?,,F,1861,1633,1581,1636,2275,1645,-0.012967573,-67.09162086,-0.193347611,
Bright-Bright,12/05/2021,9,5,18,1,Right,Left,,M,2065,1609,1581,1636,2275,1645,-0.012967573,136.5800142,0.393602347,
Bright-Bright,12/05/2021,9,5,18,2,Right,Left,,M,2089,1612,1581,1636,2275,1645,-0.012967573,160.616898,0.462872905,bird in tunnel
Bright-Bright,12/05/2021,9,5,19,1,Left,Right,,M,1809,1614,1581,1636,2275,1645,-0.012967573,-119.3336258,-0.343900939,
Bright-Bright,12/05/2021,9,5,19,2,Right,Right,,M,2052,1612,1581,1636,2275,1645,-0.012967573,123.6200089,0.356253628,
Bright-Bright,12/05/2021,9,5,19,3,Left,Left,,M,1804,1632,1581,1636,2275,1645,-0.012967573,-124.0997956,-0.357636299,bird in tunnel
Bright-Bright,12/05/2021,9,5,20,1,Left,Right,,M,1803,1602,1581,1636,2275,1645,-0.012967573,-125.4887278,-0.361638985,
Bright-Bright,12/05/2021,9,5,20,1,Left,Right,1,M,,,,,,,,,,
Bright-Bright,12/05/2021,9,5,20,2,Right,?,,M,1777,1607,1581,1636,2275,1645,-0.012967573,-151.4217058,-0.436373792,
Bright-Bright,12/05/2021,9,5,20,2,Right,Right,,M,1802,1608,1581,1636,2275,1645,-0.012967573,-126.4108405,-0.36429637,
Bright-Bright,12/05/2021,9,5,20,3,Left,Right,,M,2016,1619,1581,1636,2275,1645,-0.012967573,87.71380615,0.252777539,
Bright-Bright,12/05/2021,9,5,21,1,Left,Right,,M,1797,1602,1581,1636,2275,1645,-0.012967573,-131.4882234,-0.378928598,
Bright-Bright,12/05/2021,9,5,21,1,Right,Left,1,M,,,,,,,,,,
Bright-Bright,12/05/2021,9,5,23,1,Right,Left,,M,2099,1615,1581,1636,2275,1645,-0.012967573,170.6549589,0.491801034,
Bright-Bright,12/05/2021,9,5,23,2,?,Right,,M,1996,1628,1581,1636,2275,1645,-0.012967573,67.83219259,0.195481823,
Bright-Bright,12/05/2021,9,5,23,3,Right,Right,,M,2077,1626,1581,1636,2275,1645,-0.012967573,148.7994479,0.428816853,
Bright-Bright,12/05/2021,9,5,23,3,Left,Right,1,F,,,,,,,,,,
Bright-Bright,12/05/2021,9,5,24,1,Left,Right,,M,1823,1624,1581,1636,2275,1645,-0.012967573,-105.2051308,-0.303184815,
Bright-Bright,12/05/2021,9,5,24,2,Left,Right,,M,1822,1627,1581,1636,2275,1645,-0.012967573,-106.1661451,-0.305954309,
Bright-Bright,12/05/2021,9,5,24,3,Left,Right,,M,1792,1622,1581,1636,2275,1645,-0.012967573,-136.2284588,-0.392589218,
Bright-Bright,12/05/2021,9,5,25,1,Left,Right,,M,1929,1631,1581,1636,2275,1645,-0.012967573,0.876727433,0.002526592,
Bright-Bright,12/05/2021,9,5,26,2,Left,Right,,M,1822,1614,1581,1636,2275,1645,-0.012967573,-106.3347188,-0.306440112,
Bright-Bright,12/05/2021,9,5,26,3,Left,Right,,M,1862,1618,1581,1636,2275,1645,-0.012967573,-66.28621308,-0.191026551,
Bright-Bright,12/05/2021,9,5,27,1,Right,Right,,M,1909,1608,1581,1636,2275,1645,-0.012967573,-19.41983683,-0.055964948,
Bright-Bright,12/05/2021,9,5,27,1,Right,?,1,M,,,,,,,,,,
Bright-Bright,12/05/2021,9,5,27,2,Left,Right,,M,1821,1621,1581,1636,2275,1645,-0.012967573,-107.2438643,-0.309060128,
Bright-Bright,12/05/2021,9,5,28,1,Left,Right,,M,1809,1606,1581,1636,2275,1645,-0.012967573,-119.4373635,-0.344199895,
Bright-Bright,12/05/2021,9,5,29,1,Left,Right,,M,1788,1614,1581,1636,2275,1645,-0.012967573,-140.3318602,-0.404414583,
Bright-Bright,12/05/2021,9,5,29,2,Right,?,,F,1968,1628,1581,1636,2275,1645,-0.012967573,39.83454677,0.114796965,
Bright-Bright,12/05/2021,9,5,29,2,Left,Right,1,M,,,,,,,,,,
Bright-Bright,12/05/2021,9,5,30,1,Right,Left,,F,2060,1612,1581,1636,2275,1645,-0.012967573,131.6193363,0.379306445,bird in tunnel
Bright-Bright,12/05/2021,9,5,31,1,Left,Left,,M,1835,1642,1581,1636,2275,1645,-0.012967573,-92.97272995,-0.267932939,bird in tunnel
Bright-Bright,12/05/2021,9,5,32,1,Right,Left,,M,1881,1631,1581,1636,2275,1645,-0.012967573,-47.11923683,-0.135790308,zigzag
Bright-Bright,12/05/2021,9,5,32,2,Left,Right,,M,1815,1604,1581,1636,2275,1645,-0.012967573,-113.4638024,-0.326985021,
Bright-Bright,12/05/2021,9,5,33,1,? ,Left,,M,1924,1616,1581,1636,2275,1645,-0.012967573,-4.317360318,-0.012441961,
Bright-Bright,12/05/2021,9,5,33,1,? ,?,1,M,,,,,,,,,,
Bright-Bright,12/05/2021,9,5,33,2,Left,Right,,F,1791,1612,1581,1636,2275,1645,-0.012967573,-137.3580468,-0.395844515,collision
Bright-Bright,12/05/2021,9,5,34,1,Right,Left,,M,1984,1628,1581,1636,2275,1645,-0.012967573,55.83320153,0.160902598,
Bright-Bright,18/05/2021,13,2,5,1,Right,Right,,M,2074,1590,1584,1618,2275,1633,-0.021704261,143.6955254,0.415906007,
Bright-Bright,18/05/2021,13,2,6,1,Left,Right,,M,1826,1616,1584,1618,2275,1633,-0.021704261,-103.6817971,-0.300092032,
Bright-Bright,18/05/2021,13,2,7,1,Right,Right,,M,2056,1589,1584,1618,2275,1633,-0.021704261,125.6780623,0.363757055,
Bright-Bright,18/05/2021,13,2,7,2,Right,Right,,M,1986,1587,1584,1618,2275,1633,-0.021704261,55.6511442,0.161074223,bird in tunnel
Bright-Bright,18/05/2021,13,2,10,1,Right,Right,,M,2062,1593,1584,1618,2275,1633,-0.021704261,131.7634594,0.38137036,
Bright-Bright,18/05/2021,13,2,11,1,Left,Right,,M,1781,1577,1584,1618,2275,1633,-0.021704261,-149.5175981,-0.432757158,
Bright-Bright,18/05/2021,13,2,11,1,Left,Right,1,M,,,,,,,,,,
Bright-Bright,18/05/2021,13,2,11,1,Left,Right,2,M,,,,,,,,,,
Bright-Bright,18/05/2021,13,2,11,1,Right,Right,3,M,,,,,,,,,,
Bright-Bright,18/05/2021,13,2,12,1,Left,Right,,M,1862,1588,1584,1618,2275,1633,-0.021704261,-68.29794774,-0.197678575,
Bright-Bright,18/05/2021,13,2,12,2,Left,Right,,M,1841,1606,1584,1618,2275,1633,-0.021704261,-88.90235562,-0.257315067,
Bright-Bright,18/05/2021,13,2,12,2,Right,Right,1,M,,,,,,,,,,
Bright-Bright,18/05/2021,13,2,12,3,Right,?,,M,1968,1616,1584,1618,2275,1633,-0.021704261,38.28475787,0.110809719,
Bright-Bright,18/05/2021,13,2,12,4,Right,Right,,M,2038,1601,1584,1618,2275,1633,-0.021704261,107.9427325,0.312424696,"""traffic"""
Bright-Bright,18/05/2021,13,2,12,4,Left,Right,1,M,,,,,,,,,,"""traffic"""
Bright-Bright,18/05/2021,13,2,13,1,Left,Right,,M,1816,1610,1584,1618,2275,1633,-0.021704261,-113.8096572,-0.329405665,bird in tunnel
Bright-Bright,18/05/2021,13,2,13,2,Right,Left,,M,2053,1596,1584,1618,2275,1633,-0.021704261,122.8306868,0.355515736,bird in tunnel
Bright-Bright,18/05/2021,13,2,13,3,,,,,,,,,,,,,,obscured by bird in tunnel
Bright-Bright,18/05/2021,13,2,14,1,Right,Left,,M,1980,1628,1584,1618,2275,1633,-0.021704261,50.54236222,0.14628759,cut
Bright-Bright,18/05/2021,13,2,14,2,Right,Right,,M,2043,1615,1584,1618,2275,1633,-0.021704261,113.2453907,0.327772477,cut
Bright-Bright,18/05/2021,13,2,14,3,Left,Right,,M,1817,1580,1584,1618,2275,1633,-0.021704261,-113.4609694,-0.328396438,
Bright-Bright,18/05/2021,13,2,15,1,Right,Right,,M,2048,1601,1584,1618,2275,1633,-0.021704261,117.9403773,0.341361439,cut
Bright-Bright,18/05/2021,13,2,15,2,Right,?,,M,2044,1602,1584,1618,2275,1633,-0.021704261,113.9630219,0.329849557,
Bright-Bright,18/05/2021,13,2,15,3,Left,Left,,M,1824,1613,1584,1618,2275,1633,-0.021704261,-105.7464337,-0.306067826,
Bright-Bright,18/05/2021,13,2,15,4,Right,Left,,M,2066,1601,1584,1618,2275,1633,-0.021704261,135.9361377,0.393447577,
Bright-Bright,18/05/2021,13,2,15,4,Left,Right,1,M,,,,,,,,,,
Bright-Bright,18/05/2021,13,2,16,1,Left,Right,,M,1802,1582,1584,1618,2275,1633,-0.021704261,-128.4140314,-0.371675923,
Bright-Bright,18/05/2021,13,2,16,2,Left,?,,M,1959,1600,1584,1618,2275,1633,-0.021704261,28.93963671,0.083761611,zigzag
Bright-Bright,18/05/2021,13,2,17,1,Left,Right,,M,1814,1610,1584,1618,2275,1633,-0.021704261,-115.8091861,-0.335193013,
Bright-Bright,18/05/2021,13,2,17,1,Left,Right,1,M,,,,,,,,,,
Bright-Bright,18/05/2021,13,2,18,1,Left,Right,,M,2043,1597,1584,1618,2275,1633,-0.021704261,112.8547447,0.326641808,
Bright-Bright,18/05/2021,13,2,18,2,Right,Left,,M,2001,1629,1584,1618,2275,1633,-0.021704261,71.55911868,0.207117565,
Bright-Bright,18/05/2021,13,2,18,3,Right,Left,,F,2017,1610,1584,1618,2275,1633,-0.021704261,87.14300164,0.25222287,bird in tunnel
Bright-Bright,18/05/2021,13,2,18,3,Right,Left,1,M,,,,,,,,,,bird in tunnel
Bright-Bright,18/05/2021,13,2,18,3,Right,Left,2,M,,,,,,,,,,bird in tunnel
Bright-Bright,18/05/2021,13,2,19,1,Right,Left,,M,2010,1628,1584,1618,2275,1633,-0.021704261,80.53529637,0.233097819,
Bright-Bright,18/05/2021,13,2,19,2,Right,?,,M,2066,1601,1584,1618,2275,1633,-0.021704261,135.9361377,0.393447577,
Bright-Bright,18/05/2021,13,2,19,2,Left,Right,1,M,,,,,,,,,,
Bright-Bright,18/05/2021,13,2,19,3,Left,Right,,M,1810,1597,1584,1618,2275,1633,-0.021704261,-120.0903773,-0.347584305,cut
Bright-Bright,18/05/2021,13,2,20,1,Left,Right,,M,1831,1612,1584,1618,2275,1633,-0.021704261,-98.76978499,-0.28587492,
Bright-Bright,18/05/2021,13,2,20,2,Right,Left,,M,2024,1599,1584,1618,2275,1633,-0.021704261,93.90262481,0.271787626,
Bright-Bright,18/05/2021,13,2,20,2,Left,Right,1,M,,,,,,,,,,
Bright-Bright,18/05/2021,13,2,21,1,Left,Left,,M,1814,1590,1584,1618,2275,1633,-0.021704261,-116.2432373,-0.336449312,
Bright-Bright,18/05/2021,13,2,21,2,Left,Left,,M,1826,1605,1584,1618,2275,1633,-0.021704261,-103.9205253,-0.300782996,cut
Bright-Bright,18/05/2021,13,2,22,2,Left,?,,M,1899,1593,1584,1618,2275,1633,-0.021704261,-31.1981495,-0.090298551,
Bright-Bright,18/05/2021,13,2,22,3,Left,Left,,M,1770,1613,1584,1618,2275,1633,-0.021704261,-159.7337152,-0.462326238,cut
Bright-Bright,18/05/2021,13,2,22,4,Right,Left,,M,2088,1585,1584,1618,2275,1633,-0.021704261,157.5837152,0.456103373,cut
Bright-Bright,18/05/2021,13,2,23,1,Right,Left,,M,2076,1590,1584,1618,2275,1633,-0.021704261,145.6950543,0.421693356,
Bright-Bright,18/05/2021,13,2,23,2,Right,Left,,M,2042,1621,1584,1618,2275,1633,-0.021704261,112.3758416,0.325255692,
Bright-Bright,18/05/2021,13,2,23,2,Left,Left,1,M,,,,,,,,,,
Bright-Bright,18/05/2021,13,2,23,3,Left,Left,,M,1863,1603,1584,1618,2275,1633,-0.021704261,-66.97264491,-0.193842677,cut
Bright-Bright,18/05/2021,13,2,23,3,Right,Right,1,M,,,,,,,,,,cut
Bright-Bright,18/05/2021,13,2,23,3,Right,Right,1,M,,,,,,,,,,
Bright-Bright,18/05/2021,13,2,24,1,Right,Right,,M,2018,1579,1584,1618,2275,1633,-0.021704261,87.46998684,0.253169282,
Bright-Bright,18/05/2021,13,2,24,2,Left,Left,,M,1883,1592,1584,1618,2275,1633,-0.021704261,-47.21608361,-0.136660155,
Bright-Bright,18/05/2021,13,2,24,3,Left,Right,,M,1776,1604,1584,1618,2275,1633,-0.021704261,-153.9304514,-0.445529526,
Bright-Bright,18/05/2021,13,2,25,1,Left,Right,,M,1765,1596,1584,1618,2275,1633,-0.021704261,-165.101481,-0.477862463,cut or perch
Bright-Bright,18/05/2021,13,2,25,1,Left,?,1,M,,,,,,,,,,cut or perch
Bright-Bright,18/05/2021,13,2,25,2,Left,Right,,M,1839,1611,1584,1618,2275,1633,-0.021704261,-90.79337178,-0.262788341,cut
Bright-Bright,18/05/2021,13,2,25,2,Right,Right,1,M,,,,,,,,,,
Bright-Bright,18/05/2021,13,2,25,2,Right,Right,2,M,,,,,,,,,,
Bright-Bright,18/05/2021,13,2,25,3,Right,?,,M,1899,1633,1584,1618,2275,1633,-0.021704261,-30.33004721,-0.087785954,
Bright-Bright,18/05/2021,13,2,25,4,Right,?,,M,2065,1632,1584,1618,2275,1633,-0.021704261,135.6091525,0.392501165,
Bright-Bright,18/05/2021,13,2,25,5,Left,Right,,M,1787,1598,1584,1618,2275,1633,-0.021704261,-143.0632576,-0.414075999,
Bright-Bright,18/05/2021,13,2,26,2,Left,Right,,M,1772,1581,1584,1618,2275,1633,-0.021704261,-158.4286681,-0.458548967,cut
Bright-Bright,18/05/2021,13,2,26,3,Left,?,,M,1885,1595,1584,1618,2275,1633,-0.021704261,-45.15144699,-0.130684362,cut
Bright-Bright,18/05/2021,13,2,26,4,Left,Left,,M,1893,1613,1584,1618,2275,1633,-0.021704261,-36.76268519,-0.106404299,cut
Bright-Bright,18/05/2021,13,2,27,1,Right,Left,,M,2089,1614,1584,1618,2275,1633,-0.021704261,159.2128538,0.46081868,
Bright-Bright,18/05/2021,13,2,27,2,Right,Right,,M,1946,1598,1584,1618,2275,1633,-0.021704261,15.89929346,0.046018216,
Bright-Bright,18/05/2021,13,2,27,3,Left,Left,,M,1901,1622,1584,1618,2275,1633,-0.021704261,-28.5692464,-0.08268957,cut
Dark-Dark,06/05/2021,5,1,2,1,Right,Right,,M,1934,1621,1579,1655,2273,1666,-0.015848817,7.372993219,0.021247819,
Dark-Dark,06/05/2021,5,1,3,1,Left,Right,,M,1853,1650,1579,1655,2273,1666,-0.015848817,-73.15723755,-0.210827774,
Dark-Dark,06/05/2021,5,1,4,1,Left,Right,,M,1849,1648,1579,1655,2273,1666,-0.015848817,-77.1884315,-0.222445048,
Dark-Dark,06/05/2021,5,1,4,1,Left,Right,1,,,,,,,,,,,
Dark-Dark,06/05/2021,5,1,7,1,Left,Right,,F,1827,1628,1579,1655,2273,1666,-0.015848817,-99.50263159,-0.2867511,
Dark-Dark,06/05/2021,5,1,7,1,Left,Right,1,,,,,,,,,,,
Dark-Dark,06/05/2021,5,1,9,1,Left,Right,,M,1827,1667,1579,1655,2273,1666,-0.015848817,-98.88455361,-0.284969895,
Dark-Dark,06/05/2021,5,1,29,1,Right,Right,,M,1980,1669,1579,1655,2273,1666,-0.015848817,54.12792745,0.155988264,
Dark-Dark,06/05/2021,5,1,32,1,Right,Right,,M,1999,1661,1579,1655,2273,1666,-0.015848817,72.99875602,0.210371055,
Dark-Dark,06/05/2021,5,1,32,2,Right,Right,,M,2032,1678,1579,1655,2273,1666,-0.015848817,106.2640302,0.306236398,
Dark-Dark,06/05/2021,5,1,34,1,Right,Right,,M,1994,1646,1579,1655,2273,1666,-0.015848817,67.76166166,0.195278564,
Dark-Dark,06/05/2021,5,1,35,1,Right,Right,,M,1973,1642,1579,1655,2273,1666,-0.015848817,46.70090644,0.134584745,
Dark-Dark,06/05/2021,5,3,2,1,Right,Right,,M,1945,1652,1579,1655,2273,1666,-0.015848817,18.86290449,0.054359955,
Dark-Dark,06/05/2021,5,3,7,1,Right,Right,,M,2035,1650,1579,1655,2273,1666,-0.015848817,108.8199051,0.313602032,
Dark-Dark,06/05/2021,5,3,7,1,Right,Right,1,,,,,,,,,,,
Dark-Dark,06/05/2021,5,3,15,1,Right,Right,,M,2024,1663,1579,1655,2273,1666,-0.015848817,98.02731258,0.28249946,
Dark-Dark,06/05/2021,5,3,19,1,Right,Right,,M,2015,1662,1579,1655,2273,1666,-0.015848817,89.01259473,0.256520446,
Dark-Dark,06/05/2021,5,3,20,1,Right,Right,,M,1994,1659,1579,1655,2273,1666,-0.015848817,67.96768766,0.195872299,
Dark-Dark,06/05/2021,5,4,6,1,Left,Right,,M,1936,1663,1579,1655,2273,1666,-0.015848817,10.03836448,0.028929004,
Dark-Dark,06/05/2021,5,4,6,2,?,Right,,M,1795,1649,1579,1655,2273,1666,-0.015848817,-131.1658015,-0.377999428,
Dark-Dark,06/05/2021,5,4,8,1,Right,?,,M,2035,1640,1579,1655,2273,1666,-0.015848817,108.6614236,0.313145313,
Dark-Dark,06/05/2021,5,4,9,1,Right,Right,,M,2035,1655,1579,1655,2273,1666,-0.015848817,108.8991459,0.313830392,
Dark-Dark,06/05/2021,5,4,24,1,Right,Right,,M,2005,1657,1579,1655,2273,1666,-0.015848817,78.93460986,0.227477262,
Dark-Dark,06/05/2021,5,4,26,1,Right,Right,,M,1920,1635,1579,1655,2273,1666,-0.015848817,-6.403374374,-0.018453528,
Dark-Dark,06/05/2021,5,4,27,1,Right,Right,,M,2022,1654,1579,1655,2273,1666,-0.015848817,95.88493037,0.276325448,
Dark-Dark,06/05/2021,5,4,32,1,Right,Right,,M,1977,1678,1579,1655,2273,1666,-0.015848817,51.2709376,0.147754863,
Dark-Dark,06/05/2021,5,4,38,1,Right,Right,,M,1976,1657,1579,1655,2273,1666,-0.015848817,49.93825197,0.143914271,
Dark-Dark,06/05/2021,5,4,38,1,Right,Right,1,,,,,,,,,,,
Dark-Dark,06/05/2021,5,4,38,1,Right,Right,2,,,,,,,,,,,
Dark-Dark,06/05/2021,5,4,38,1,Right,Right,3,,,,,,,,,,,
Dark-Dark,06/05/2021,5,4,39,1,Right,Right,,M,1929,1635,1579,1655,2273,1666,-0.015848817,2.595495317,0.007479814,
Dark-Dark,06/05/2021,5,4,50,1,Right,Right,,F,1972,1624,1579,1655,2273,1666,-0.015848817,,0,
Dark-Dark,06/05/2021,5,4,50,1,Right,Right,1,,,,,,,,,,,
Dark-Dark,06/05/2021,5,4,51,1,Left,Right,,M,1826,1659,1579,1655,2273,1666,-0.015848817,-100.0112132,-0.288216753,
Dark-Dark,06/05/2021,5,4,51,2,Right,Right,,M,1955,1655,1579,1655,2273,1666,-0.015848817,28.90919305,0.083311796,
Dark-Dark,06/05/2021,5,4,56,1,Right,Right,,M,1955,1665,1579,1655,2273,1666,-0.015848817,29.06767458,0.083768515,
Dark-Dark,06/05/2021,5,4,56,1,Right,Right,1,,,,,,,,,,,
Dark-Dark,06/05/2021,5,5,5,1,Right,Right,,F,1956,1652,1579,1655,2273,1666,-0.015848817,29.861523,0.086056262,
Dark-Dark,06/05/2021,5,5,5,1,Left,Right,1,,,,,,,,,,,
Dark-Dark,06/05/2021,5,5,5,2,Left,Right,,M,1834,1637,1579,1655,2273,1666,-0.015848817,-92.36087734,-0.266169675,
Dark-Dark,06/05/2021,5,5,9,1,Left,Right,,F,1847,1643,1579,1655,2273,1666,-0.015848817,-79.26742109,-0.228436372,
Dark-Dark,06/05/2021,5,5,9,1,Right,Right,1,,,,,,,,,,,
Dark-Dark,06/05/2021,5,5,9,2,Left,Right,,M,1818,1635,1579,1655,2273,1666,-0.015848817,-108.3905642,-0.312364738,
Dark-Dark,07/05/2021,6,5,6,1,Right,Right,,M,2042,1637,1583,1644,2273,1655,-0.015940679,113.7862663,0.329815265,
Dark-Dark,07/05/2021,6,5,7,1,Left,Right,,F,1917,1628,1583,1644,2273,1655,-0.015940679,-11.34131253,-0.03287337,
Dark-Dark,07/05/2021,6,5,8,1,Right,?,,M,1993,1645,1583,1644,2273,1655,-0.015940679,64.92001174,0.188173947,
Dark-Dark,07/05/2021,6,5,8,2,Left,?,,M,1854,1624,1583,1644,2273,1655,-0.015940679,-74.3970684,-0.215643677,
Dark-Dark,07/05/2021,6,5,9,2,Right,Right,,M,1941,1648,1583,1644,2273,1655,-0.015940679,12.97443835,0.037607068,
Dark-Dark,07/05/2021,6,5,13,1,Right,Right,,M,2025,1662,1583,1644,2273,1655,-0.015940679,97.1869262,0.281701235,
Dark-Dark,07/05/2021,6,5,14,1,Right,Right,,F,1972,1632,1583,1644,2273,1655,-0.015940679,43.71545974,0.126711478,
Dark-Dark,07/05/2021,6,5,15,1,Right,Right,,M,2024,1653,1583,1644,2273,1655,-0.015940679,96.04359322,0.278387227,
Dark-Dark,07/05/2021,6,5,15,2,Right,Right,,M,2012,1637,1583,1644,2273,1655,-0.015940679,83.79007776,0.242869791,
Dark-Dark,07/05/2021,6,5,15,2,Right,Right,1,,,,,,,,,,,
Dark-Dark,07/05/2021,6,5,22,1,Right,Right,,M,2039,1626,1583,1644,2273,1655,-0.015940679,110.6113074,0.320612485,
Dark-Dark,07/05/2021,6,5,27,1,Left,Right,,M,1805,1614,1583,1644,2273,1655,-0.015940679,-123.550243,-0.358116646,
Dark-Dark,07/05/2021,6,5,36,1,Right,Right,,M,1972,1622,1583,1644,2273,1655,-0.015940679,43.55605971,0.126249448,
Dark-Dark,07/05/2021,6,5,48,1,Left,Right,,M,1856,1652,1583,1644,2273,1655,-0.015940679,-71.9510024,-0.20855363,
Dark-Dark,19/05/2021,14,2,5,1,Left,Left,,M,1934,1620,1583,1626,2275,1639,-0.018783918,4.764332774,0.013769748,
Dark-Dark,19/05/2021,14,2,5,1,Left,Left,1,F,,,,,,,,,,
Dark-Dark,19/05/2021,14,2,6,1,Left,?,,M,1949,1601,1583,1626,2275,1639,-0.018783918,19.40481314,0.056083275,
Dark-Dark,19/05/2021,14,2,6,2,Left,?,,M,1884,1597,1583,1626,2275,1639,-0.018783918,-45.6588513,-0.131961998,
Dark-Dark,19/05/2021,14,2,7,1,Right,Right,,M,2031,1615,1583,1626,2275,1639,-0.018783918,101.6533067,0.293795684,
Dark-Dark,19/05/2021,14,2,7,2,Left,Right,,M,1848,1610,1583,1626,2275,1639,-0.018783918,-81.40832387,-0.235284173,
Dark-Dark,19/05/2021,14,2,7,3,Right,Right,,M,2042,1598,1583,1626,2275,1639,-0.018783918,112.3320583,0.324659128,
Dark-Dark,19/05/2021,14,2,7,4,Left,?,,M,1798,1583,1583,1626,2275,1639,-0.018783918,-131.9066392,-0.381233061,
Dark-Dark,19/05/2021,14,2,8,1,Left,?,,M,1799,1590,1583,1626,2275,1639,-0.018783918,-130.7753359,-0.377963399,
Dark-Dark,19/05/2021,14,2,8,2,Right,Right,,M,2049,1625,1583,1626,2275,1639,-0.018783918,119.8379594,0.346352484,
Dark-Dark,19/05/2021,14,2,8,3,Left,?,,M,1806,1601,1583,1626,2275,1639,-0.018783918,-123.5699599,-0.357138612,
Dark-Dark,19/05/2021,14,2,8,4,Left,?,,M,1843,1610,1583,1626,2275,1639,-0.018783918,-86.40744181,-0.249732491,
Dark-Dark,19/05/2021,14,2,9,1,Right,Right,,M,2027,1618,1583,1626,2275,1639,-0.018783918,97.71036078,0.282399887,
Dark-Dark,19/05/2021,14,2,9,2,Right,Right,,M,2014,1604,1583,1626,2275,1639,-0.018783918,84.44969476,0.244074262,
Dark-Dark,19/05/2021,14,2,9,3,,,,,,,,,,,,,,
Dark-Dark,19/05/2021,14,2,11,1,Left,?,,M,1877,1628,1583,1626,2275,1639,-0.018783918,-52.0753492,-0.15050679,
Dark-Dark,19/05/2021,14,2,11,2,,,,,,,,,,,,,,
Dark-Dark,19/05/2021,14,2,12,1,Right,Right,,M,1978,1612,1583,1626,2275,1639,-0.018783918,48.60630812,0.140480659,
Dark-Dark,19/05/2021,14,2,13,1,Right,Right,,M,1998,1585,1583,1626,2275,1639,-0.018783918,68.09564391,0.196808219,
Dark-Dark,19/05/2021,14,2,13,2,Left,?,,M,1853,1595,1583,1626,2275,1639,-0.018783918,-76.69094813,-0.221650139,
Dark-Dark,19/05/2021,14,2,13,3,Left,Right,,M,1845,1619,1583,1626,2275,1639,-0.018783918,-84.23874932,-0.243464593,
Dark-Dark,19/05/2021,14,2,14,1,,,,,,,,,,,,,,
Dark-Dark,19/05/2021,14,2,14,2,Right,?,,M,2012,1625,1583,1626,2275,1639,-0.018783918,82.84448666,0.239434933,
Dark-Dark,19/05/2021,14,2,18,1,Left,?,,M,1812,1624,1583,1626,2275,1639,-0.018783918,-117.1390136,-0.338552063,
Dark-Dark,19/05/2021,14,2,18,2,Right,Right,,M,1997,1619,1583,1626,2275,1639,-0.018783918,67.73443597,0.195764266,
Dark-Dark,19/05/2021,14,2,19,1,,,,,,,,,,,,,,
Dark-Dark,19/05/2021,14,2,20,1,Right,Right,,M,1962,1595,1583,1626,2275,1639,-0.018783918,32.28982289,0.093323188,
Dark-Dark,19/05/2021,14,2,20,2,,,,,,,,,,,,,,
Dark-Dark,19/05/2021,14,2,20,3,,,,,,,,,,,,,,
Dark-Dark,19/05/2021,14,2,20,4,Left,?,,M,1786,1619,1583,1626,2275,1639,-0.018783918,-143.228341,-0.413954743,
Dark-Dark,19/05/2021,14,2,22,1,Left,Right,,M,1829,1599,1583,1626,2275,1639,-0.018783918,-100.611583,-0.290784922,
Dark-Dark,19/05/2021,14,2,23,1,,,,,,,,,,,,,,
Dark-Dark,19/05/2021,14,2,24,1,,,,,,,,,,,,,,
Dark-Dark,19/05/2021,14,3,16,1,Right,Right,,M,2023,1621,1583,1626,2275,1639,-0.018783918,93.76741487,0.271004089,
Dark-Dark,19/05/2021,14,3,19,1,,,,,,,,,,,,,,
Dark-Dark,19/05/2021,14,3,27,1,,,,,,,,,,,,,,
Dark-Dark,19/05/2021,14,3,28,1,,,,,,,,,,,,,,
Dark-Dark,19/05/2021,14,4,1,1,,,,,,,,,,,,,,
Dark-Dark,19/05/2021,14,4,7,1,Left,Right,,M,1854,1617,1583,1626,2275,1639,-0.018783918,-75.27790266,-0.217566193,
Dark-Dark,19/05/2021,14,4,8,2,Left,Right,,M,1835,1630,1583,1626,2275,1639,-0.018783918,-94.03037425,-0.271764087,
Dark-Dark,19/05/2021,14,4,9,1,Right,Right,,M,1988,1628,1583,1626,2275,1639,-0.018783918,58.905069,0.170245864,
Dark-Dark,19/05/2021,14,4,10,1,Left,Right,,M,1904,1605,1583,1626,2275,1639,-0.018783918,-25.51211704,-0.073734442,
Dark-Dark,19/05/2021,14,4,11,1,Left,Right,,M,1853,1603,1583,1626,2275,1639,-0.018783918,-76.54068563,-0.221215854,
Dark-Dark,19/05/2021,14,4,11,2,Right,Right,,M,2001,1632,1583,1626,2275,1639,-0.018783918,71.97790689,0.208028633,
Dark-Dark,19/05/2021,14,4,12,1,Right,Right,,M,2022,1610,1583,1626,2275,1639,-0.018783918,92.56098033,0.267517284,
Dark-Dark,19/05/2021,14,4,12,2,Left,Right,,M,1912,1616,1583,1626,2275,1639,-0.018783918,-17.3069174,-0.050019992,
Dark-Dark,19/05/2021,14,4,13,1,Right,Right,,M,2011,1614,1583,1626,2275,1639,-0.018783918,81.63805213,0.235948128,
Dark-Dark,19/05/2021,14,4,13,2,,,,,,,,,,,,,,
Dark-Dark,19/05/2021,14,4,14,2,Right,Right,,M,1997,1628,1583,1626,2275,1639,-0.018783918,67.90348128,0.196252836,
Dark-Dark,19/05/2021,14,4,14,3,Left,?,,M,1831,1595,1583,1626,2275,1639,-0.018783918,-98.68706706,-0.285222737,
Dark-Dark,19/05/2021,14,4,15,1,Left,?,,M,1839,1588,1583,1626,2275,1639,-0.018783918,-90.81995805,-0.262485428,
Dark-Dark,19/05/2021,14,4,17,1,,,,,,,,,,,,,,
Dark-Dark,19/05/2021,14,4,18,1,Right,Right,,M,1980,1611,1583,1626,2275,1639,-0.018783918,50.58717248,0.146205701,
Dark-Dark,19/05/2021,14,4,19,1,Right,?,,M,2032,1605,1583,1626,2275,1639,-0.018783918,102.4653021,0.296142492,
Dark-Dark,19/05/2021,14,4,19,2,Left,Right,,F,1805,1611,1583,1626,2275,1639,-0.018783918,-124.3819553,-0.35948542,
Dark-Dark,19/05/2021,14,4,20,1,,,,,,,,,,,,,,
Dark-Dark,19/05/2021,14,4,21,1,,,,,,,,,,,,,,
Dark-Dark,19/05/2021,14,4,21,2,?,Right,,F,1873,1620,1583,1626,2275,1639,-0.018783918,-56.22490606,-0.162499728,
Dark-Dark,19/05/2021,14,4,24,1,Right,Right,,M,2042,1612,1583,1626,2275,1639,-0.018783918,112.5950177,0.325419126,
Dark-Dark,19/05/2021,14,4,24,2,,,,,,,,,,,,,,
Dark-Dark,19/05/2021,14,4,25,1,,,,,,,,,,,,,,
Dark-Dark,19/05/2021,14,4,25,2,,,,,,,,,,,,,,
Dark-Dark,19/05/2021,14,4,25,3,,,,,,,,,,,,,,
Dark-Dark,19/05/2021,14,4,26,1,,,,,,,,,,,,,,
Dark-Dark,19/05/2021,14,4,28,1,,,,,,,,,,,,,,
Dark-Dark,19/05/2021,14,4,29,1,,,,,,,,,,,,,,
Dark-Dark,19/05/2021,14,4,29,2,,,,,,,,,,,,,,
Dark-Dark,19/05/2021,14,4,30,1,,,,,,,,,,,,,,
Dark-Dark,19/05/2021,14,4,30,2,,,,,,,,,,,,,,
